index,Bchamp1,Bchamp2,Bchamp3,Bchamp4,Bchamp5,Rchamp1,Rchamp2,Rchamp3,Rchamp4,Rchamp5,Bwins
0,Tryndamere,Graves,AurelionSol,Samira,Nautilus,Irelia,Hecarim,Kaisa,Draven,Karma,False
1,Azir,Yone,RekSai,Jinx,TahmKench,Ziggs,MasterYi,Seraphine,Aphelios,Kaisa,True
2,Aatrox,Ezreal,Ahri,LeeSin,Leona,Kennen,Volibear,Sylas,Xayah,Rakan,False
3,Jayce,Viego,Karma,Jinx,Nautilus,Tryndamere,Kayn,Leblanc,Ezreal,Sett,False
4,Tryndamere,Nidalee,Xayah,Zeri,Alistar,Vayne,RekSai,Syndra,Kaisa,Nautilus,True
5,Fiora,LeeSin,Vex,Jinx,Nautilus,Tryndamere,Viego,Ryze,Yuumi,Aphelios,True
6,Graves,Nunu,Xayah,Kaisa,Rakan,Yasuo,Lillia,Zeri,Irelia,Pyke,False
7,Shen,Diana,Yasuo,Jinx,Poppy,Corki,LeeSin,Sylas,Xayah,TahmKench,True
9,Azir,Kindred,Ryze,Vayne,Rakan,Akshan,Volibear,Kaisa,Samira,Leona,False
10,Gnar,Diana,Tryndamere,Jhin,Yuumi,Camille,RekSai,Sylas,Kaisa,Renata,False
11,Jayce,Hecarim,Ryze,Jhin,Rakan,Akali,Kayn,Sylas,Senna,TahmKench,False
12,Poppy,Olaf,Anivia,Ezreal,Yuumi,Camille,LeeSin,Leblanc,Galio,Vayne,True
13,Zoe,Anivia,Pyke,LeeSin,Gwen,Gnar,Samira,Kindred,Azir,Zac,False
15,Graves,RekSai,Ryze,Ezreal,Renata,Gragas,Zed,Corki,Caitlyn,Karma,True
16,LeeSin,Kennen,Yasuo,Senna,TahmKench,Camille,Poppy,Vex,Aphelios,Renata,False
17,Tryndamere,LeeSin,Vex,Ezreal,Karma,Akali,Graves,Leblanc,TahmKench,Senna,True
18,Akali,Hecarim,Sylas,Xayah,Rakan,Vayne,Nocturne,Ahri,Aphelios,Karma,True
19,Rumble,Graves,Viktor,Zeri,Alistar,Jayce,Karthus,Kaisa,Jinx,TahmKench,True
20,Shen,Karthus,Talon,Jhin,Yuumi,Gwen,LeeSin,Leblanc,Varus,Karma,False
23,Renekton,Nidalee,Pyke,Xayah,Blitzcrank,Ahri,LeeSin,Soraka,Samira,Nautilus,True
24,Tryndamere,Volibear,Sylas,Caitlyn,Lux,Gragas,Kindred,Ahri,Ezreal,Karma,True
25,Camille,Qiyana,Ryze,Kaisa,Renata,Rumble,Graves,Leblanc,Zeri,Nautilus,True
26,Jax,Viego,Sylas,Jinx,Blitzcrank,Riven,Diana,Tryndamere,Ezreal,Soraka,False
27,Zoe,Viego,Tryndamere,Ezreal,TahmKench,Gragas,Diana,Yasuo,Xayah,Rakan,False
28,Renekton,Nidalee,Talon,Zeri,Leona,Jayce,Viego,Orianna,Xayah,Rakan,False
29,Katarina,Samira,Renata,Vayne,Tryndamere,Ahri,Shyvana,Bard,Swain,Mordekaiser,True
31,Kennen,RekSai,Ryze,Ezreal,Karma,Shen,LeeSin,Galio,Jhin,Rakan,True
32,Gragas,Qiyana,Leblanc,Aphelios,Nautilus,Akshan,Poppy,Ahri,Jinx,Rakan,False
33,Ziggs,Lulu,Ashe,Vex,Tristana,Katarina,Taliyah,Diana,Maokai,Yasuo,True
34,Gragas,Qiyana,Viktor,Kalista,Nautilus,Camille,Diana,Talon,Xayah,Lulu,True
35,Graves,Kindred,Viktor,Zeri,Karma,LeeSin,Viego,Katarina,Ezreal,Senna,False
36,TwistedFate,Zed,Pyke,Ahri,Jinx,Nunu,Syndra,Vayne,Malphite,Aphelios,True
37,Darius,Gwen,Irelia,Zeri,Blitzcrank,Poppy,LeeSin,Leblanc,Kaisa,Nautilus,False
38,Irelia,Talon,Ahri,Zeri,Karma,Gnar,Diana,Yasuo,Samira,Renata,False
39,Akshan,Kindred,Vex,Jinx,Nautilus,Poppy,Qiyana,Ahri,Xayah,Rakan,True
40,Fiora,Karma,Qiyana,Zeri,Alistar,Camille,Kindred,Xayah,Senna,Sett,True
43,Viego,Volibear,Kaisa,Ezreal,Karma,Irelia,Qiyana,Ahri,Xayah,Nautilus,False
44,Yasuo,Graves,Talon,Kaisa,Gragas,Sett,Hecarim,Lux,Jhin,Morgana,True
45,Rumble,Sett,Graves,TahmKench,Zoe,Garen,Twitch,Vayne,Lillia,Zac,False
47,Volibear,Hecarim,Leblanc,Ezreal,Karma,Graves,Viego,Veigar,Xayah,Yuumi,False
48,Poppy,Taliyah,Yasuo,Kalista,Renata,Renekton,RekSai,Galio,Ezreal,Karma,True
49,Jayce,Volibear,Galio,Samira,Rell,Rumble,Talon,Ahri,Senna,Zac,True
50,Graves,Volibear,Veigar,Kaisa,Nautilus,Jayce,Viego,Ahri,Xayah,Leona,False
51,Rumble,Talon,Galio,Jinx,Lulu,Irelia,Hecarim,Akali,Lucian,Nami,True
52,LeeSin,Ezreal,Gangplank,Elise,Zilean,JarvanIV,Sylas,Kalista,Xerath,Akshan,True
53,Viktor,Hecarim,Gragas,Aphelios,Nautilus,Kennen,Viego,Ryze,Tristana,Leona,True
54,Kennen,RekSai,Viktor,Kaisa,Nautilus,Irelia,Hecarim,Karma,Jinx,TahmKench,False
55,Yasuo,Diana,Jinx,Viktor,Renata,Jayce,Nidalee,Xayah,Zeri,Alistar,True
57,Graves,Talon,Sylas,Samira,Blitzcrank,Yasuo,Volibear,Kaisa,Neeko,Nautilus,False
58,Graves,Viego,Viktor,Zeri,JarvanIV,Gragas,Talon,Kaisa,Tristana,Leona,True
59,Akali,RekSai,Ahri,Draven,Pyke,Camille,Diana,Galio,Yasuo,Gragas,False
60,Graves,LeeSin,Vex,Draven,Gragas,Tryndamere,Nocturne,Ahri,Xayah,Karma,False
62,Sylas,Viktor,Tristana,Pyke,Darius,Aatrox,Jayce,Talon,Rell,Veigar,False
63,Graves,Viego,Ahri,Xayah,Yuumi,Poppy,LeeSin,Vex,Kaisa,Karma,False
64,Graves,Viego,Ahri,Jinx,Syndra,Rumble,Volibear,Zed,Xayah,Karma,True
65,Jayce,Kindred,Vex,Ezreal,Lulu,Gragas,Viego,Ekko,Draven,Pyke,False
67,Kennen,Graves,Ahri,Kaisa,Rakan,Volibear,RekSai,Leblanc,Aphelios,Renata,True
68,Yone,RekSai,Kaisa,Caitlyn,Karma,Sion,LeeSin,Syndra,Jhin,Yuumi,False
69,Jayce,Volibear,Sylas,Vayne,Thresh,Gnar,Hecarim,Ahri,Samira,Rell,False
70,Graves,LeeSin,Ahri,Xayah,Renata,Yone,Udyr,Kaisa,Jinx,Nautilus,True
71,Tryndamere,Lillia,Xayah,Ashe,Rakan,Poppy,LeeSin,Akali,Senna,TahmKench,True
72,Varus,Janna,Ashe,Karthus,Fizz,Jinx,Kaisa,Aatrox,Poppy,Nidalee,True
73,Kennen,Kindred,Vex,Zeri,Senna,Poppy,Lillia,Zilean,Jhin,Nautilus,True
74,Yone,LeeSin,Ahri,Jinx,Nautilus,Tryndamere,Hecarim,Vex,Jhin,Xerath,False
75,Graves,XinZhao,Syndra,Samira,Leona,Kennen,Viego,Kaisa,Ezreal,Yuumi,True
77,Sett,Hecarim,Viktor,Jinx,Rakan,Yone,Viego,Kaisa,Xayah,Renata,True
79,Rumble,LeeSin,Tristana,Irelia,Alistar,Camille,Diana,Pyke,Kaisa,Nautilus,False
80,Qiyana,Varus,Kindred,Orianna,Swain,Graves,Diana,AurelionSol,Kaisa,Tryndamere,True
81,Jax,Qiyana,Galio,Ezreal,Soraka,Tryndamere,Talon,Kaisa,Jinx,Maokai,True
82,Jax,Viego,Vex,Kaisa,Alistar,Hecarim,Aatrox,Galio,Samira,Nautilus,True
83,Volibear,Hecarim,Galio,Vayne,Braum,Graves,Nidalee,Aatrox,Samira,Nautilus,True
84,Gnar,LeeSin,Blitzcrank,Samira,Ryze,Vayne,Hecarim,Yuumi,Tristana,Leblanc,False
86,Kaisa,Viego,Corki,Ahri,Lulu,Nidalee,Morgana,Varus,Viktor,Lux,True
87,Rumble,Viego,Zeri,Kaisa,Maokai,Gangplank,Hecarim,Sylas,Jinx,Renata,True
88,Tryndamere,LeeSin,Leblanc,Varus,Seraphine,Graves,XinZhao,Vex,Xayah,Syndra,False
89,Yone,Hecarim,Lulu,Ezreal,Karma,Akshan,LeeSin,Zoe,Xayah,Rakan,False
90,Aatrox,Nidalee,Talon,Xayah,Pyke,Graves,Lillia,Qiyana,Zeri,Lulu,True
91,Akali,Viego,Zoe,Aphelios,Renata,Graves,LeeSin,Orianna,Syndra,TahmKench,False
92,Jax,Viego,Ryze,Lucian,Yuumi,Tryndamere,Gragas,Graves,Xayah,TahmKench,True
93,Jayce,LeeSin,Leblanc,Jinx,Rakan,Yone,Viego,Ryze,Xayah,Nautilus,True
94,Corki,Bard,Pantheon,Warwick,Syndra,Leblanc,Varus,Shyvana,Sona,Jayce,False
95,Jayce,JarvanIV,Leblanc,Zeri,Renata,Gragas,Diana,Talon,Kaisa,Nautilus,False
96,Volibear,Hecarim,Ryze,Kaisa,Zac,Jax,JarvanIV,Zoe,Jinx,TahmKench,False
97,Akshan,Qiyana,Ahri,Ezreal,Renata,Tryndamere,LeeSin,Zoe,Xayah,Senna,True
98,Gangplank,Viego,Ahri,Jinx,Rakan,Tryndamere,Diana,Renekton,Aphelios,TahmKench,False
99,Irelia,Viego,Azir,Vayne,Galio,Qiyana,Ekko,Akshan,Xayah,Leona,True
100,Graves,RekSai,Ahri,Jinx,Lulu,Poppy,Hecarim,Kassadin,Senna,TahmKench,True
101,Akshan,Volibear,Ahri,Zeri,Karma,Lulu,Hecarim,Sylas,Lucian,Yuumi,False
103,Jax,LeeSin,Syndra,Samira,Nautilus,Jayce,Viego,Zed,Ziggs,Renata,False
104,LeeSin,Nidalee,Ahri,Senna,TahmKench,Tryndamere,Graves,Leblanc,Samira,Rell,True
107,Gnar,LeeSin,Zilean,Jhin,Rumble,Yorick,RekSai,Ahri,Draven,Karma,True
108,Yone,Graves,Akali,Zeri,Nautilus,Warwick,JarvanIV,Leblanc,Kaisa,Rakan,True
109,Tryndamere,RekSai,Ryze,Draven,Sett,Graves,Nidalee,Azir,Xayah,Nautilus,False
110,Kennen,Viego,Galio,Ezreal,Karma,Poppy,Talon,Ahri,Jhin,Pyke,False
111,Gragas,Nidalee,Talon,Jinx,Nautilus,Jayce,Trundle,Galio,Aphelios,Maokai,False
112,Fiora,Hecarim,Galio,Xayah,Rakan,Lulu,Viego,Talon,Kalista,Senna,False
113,Galio,LeeSin,Zoe,Ezreal,Karma,Renekton,RekSai,Samira,Ahri,Renata,False
114,Jax,Nidalee,Gangplank,Xayah,Nautilus,Gragas,Viego,Viktor,Lucian,Shaco,True
115,Kennen,Qiyana,Neeko,Zeri,Yuumi,Nasus,Graves,Vex,Cassiopeia,Nautilus,True
117,Diana,Ahri,Malphite,Anivia,Zeri,Alistar,Diana,Yasuo,Blitzcrank,Samira,False
118,Irelia,Viego,Ryze,Vayne,TahmKench,Graves,Volibear,Ahri,Xayah,Sett,False
119,Malphite,RekSai,Zoe,Xayah,Rakan,Jayce,Viego,Ahri,Kaisa,Rell,True
120,Akshan,Volibear,Ryze,Kaisa,Blitzcrank,Camille,RekSai,Zoe,Leona,Ezreal,False
121,Kennen,Viego,Ahri,Kaisa,Nautilus,Vex,LeeSin,Xayah,Malphite,Leona,False
122,Rumble,Qiyana,Ahri,Xayah,Renata,Graves,Diana,Zed,Jhin,Karma,False
123,Shen,Graves,Annie,Jhin,Nautilus,Gnar,JarvanIV,Ryze,Xayah,Renata,True
124,Graves,Nidalee,Ahri,Ezreal,Karma,Gragas,LeeSin,Leblanc,Jinx,Nautilus,False
125,Sion,RekSai,Vex,Aphelios,TahmKench,Lulu,Ahri,Kayn,Jinx,Rakan,False
126,Yone,LeeSin,Ahri,Zeri,Sett,Jayce,Poppy,Akali,Aphelios,Rell,False
127,Tryndamere,RekSai,Zoe,Kaisa,Alistar,Gragas,Poppy,Ahri,Samira,Rell,True
128,Leblanc,Viego,Ryze,Kaisa,Galio,Poppy,Nidalee,Tryndamere,Zeri,Sett,False
129,Zac,Volibear,Tryndamere,Kaisa,Rakan,Shen,Qiyana,Akali,Tristana,Poppy,False
130,Varus,Orianna,Lucian,Kayle,Nami,Vi,Graves,Teemo,Zilean,Cassiopeia,True
131,Tryndamere,Poppy,Syndra,Xayah,Renata,Jax,Viego,Kaisa,Jinx,Nautilus,True
132,Jax,LeeSin,Akali,Ezreal,Anivia,Tryndamere,Graves,Corki,Xayah,Renata,False
134,Volibear,Graves,Ryze,Twitch,Rakan,Tryndamere,LeeSin,Azir,Xayah,Leona,False
135,Irelia,XinZhao,Galio,Kaisa,Nautilus,Rumble,Graves,Xayah,Zeri,Leona,True
136,Irelia,Volibear,Kaisa,Zeri,Blitzcrank,Malphite,Graves,Ryze,Ezreal,Zilean,True
137,Fiora,Volibear,Ahri,Jinx,Thresh,Tryndamere,Viego,Galio,Lucian,Nami,True
138,Kennen,RekSai,Yasuo,Aphelios,Yuumi,Graves,Sylas,Volibear,Ezreal,Karma,True
140,Fiora,Kayn,Akali,Jinx,Rakan,Tryndamere,MasterYi,Ahri,Xayah,Seraphine,True
141,Graves,LeeSin,Ahri,Jinx,Karma,Volibear,Viego,Syndra,Jhin,Renata,False
142,Mordekaiser,Hecarim,Yasuo,Xayah,Sett,Aatrox,Kayn,Ahri,Kaisa,Nautilus,False
143,Shen,Talon,Leblanc,Kaisa,Rakan,Graves,Qiyana,Vex,Ezreal,Poppy,False
144,Riven,Karthus,Sylas,Ezreal,Renata,Vladimir,JarvanIV,Sion,Jinx,Nautilus,True
145,Jayce,Viego,Xayah,Draven,Karma,Ahri,LeeSin,Akshan,Ezreal,Yuumi,False
146,Shen,Kaisa,Talon,Zeri,Nautilus,Gnar,Gragas,Tryndamere,Jinx,Renata,False
147,LeeSin,Taliyah,Vex,Ezreal,Tryndamere,Graves,Viego,Kaisa,Kalista,Sett,True
148,Ornn,Kindred,Vex,Zeri,Renata,Lulu,Graves,Ahri,Kaisa,Nautilus,True
149,Rumble,Viego,Leblanc,Draven,Leona,Sejuani,Hecarim,Vex,Samira,Maokai,True
150,Poppy,Viego,Syndra,Caitlyn,Karma,Jayce,LeeSin,TwistedFate,Kaisa,Thresh,True
151,Graves,Viego,Ahri,Jinx,Renata,Jayce,Diana,Leblanc,Jhin,Leona,False
152,Gnar,JarvanIV,Sylas,Jinx,Sett,Volibear,LeeSin,Ahri,Kaisa,Blitzcrank,True
153,Rumble,Viego,Akshan,Jinx,Yuumi,Graves,Hecarim,Vex,Zeri,Nautilus,False
154,Kennen,Ekko,Talon,Zeri,Renata,Poppy,LeeSin,Kaisa,Ezreal,Leona,True
156,Darius,LeeSin,Kaisa,Samira,Renata,Gnar,Graves,Vex,Xayah,Nautilus,False
158,Sylas,JarvanIV,Leblanc,Aphelios,Thresh,Kennen,Qiyana,Ahri,Ezreal,Rakan,False
160,Graves,Viego,Ahri,Jinx,Yuumi,Kennen,LeeSin,Vex,Jhin,Karma,False
161,Gwen,Poppy,Ryze,Zeri,Blitzcrank,Ornn,Nidalee,Akshan,Lucian,Nami,False
162,Graves,Hecarim,Zoe,Jinx,Nautilus,Jayce,Kayn,Ahri,Zeri,Karma,False
164,Graves,Nidalee,Zed,Xayah,Soraka,Jayce,LeeSin,AurelionSol,Kaisa,Senna,True
165,Jax,Volibear,Sylas,Samira,Leona,Tryndamere,LeeSin,Syndra,Vayne,Alistar,False
168,Kaisa,Nidalee,Ahri,Graves,Zac,Jayce,Poppy,Ryze,Ezreal,Gragas,False
169,Ryze,Kindred,Lulu,Lucian,Nami,Kennen,Kayn,Xayah,Zeri,Nautilus,True
170,Gnar,RekSai,Kaisa,Ezreal,Karma,Tryndamere,Talon,Ryze,Jhin,Nautilus,True
171,Yasuo,LeeSin,Ahri,Xayah,Rakan,Gragas,Viego,Yone,Kaisa,Nautilus,False
172,Darius,RekSai,Ahri,Xayah,Rakan,Cassiopeia,Hecarim,Akshan,Aphelios,Yuumi,True
173,Gragas,Viego,Ahri,Rakan,Yasuo,Ryze,Poppy,Jayce,Samira,Pyke,False
174,Tryndamere,Viego,Varus,Aphelios,TahmKench,Teemo,Graves,Kaisa,MissFortune,Nautilus,True
176,Ryze,RekSai,Katarina,Vayne,Rell,Gangplank,Graves,Galio,Samira,Pyke,True
177,LeeSin,Annie,Veigar,Tryndamere,Fiora,Sylas,Lux,Kaisa,Camille,MissFortune,False
179,Poppy,Kindred,Leblanc,Kaisa,Rakan,Olaf,Taliyah,Akshan,Ezreal,Leona,False
182,Rumble,Volibear,Ahri,Ezreal,Renata,Yone,LeeSin,Galio,Aphelios,Morgana,False
184,Jayce,Viego,Sylas,Jinx,Nautilus,Kennen,Poppy,Ahri,Aphelios,Thresh,False
185,Aatrox,Qiyana,Corki,Xayah,Rakan,Irelia,Volibear,Ryze,Varus,Karma,False
186,Lulu,Hecarim,Ahri,Aphelios,Rakan,Viego,Tryndamere,Leblanc,Kaisa,Nautilus,True
187,Fiora,Qiyana,Ryze,Xayah,Nautilus,Jayce,Hecarim,Orianna,Caitlyn,Karma,False
188,Fiora,Jinx,Evelynn,Thresh,Qiyana,Jinx,Rumble,Warwick,Zed,LeeSin,False
190,Lucian,RekSai,Ryze,Xayah,Nautilus,Gnar,Hecarim,Corki,MissFortune,Leona,True
191,Akshan,Senna,Riven,Xayah,Karthus,Caitlyn,Morgana,Ziggs,Ashe,Irelia,True
192,Soraka,Sylas,Samira,Camille,Cassiopeia,Caitlyn,Akali,Zoe,Nunu,Fiora,True
193,Poppy,Viego,Ahri,Kalista,Sett,Tryndamere,Lillia,Kaisa,Zeri,Renata,False
194,Volibear,JarvanIV,Ahri,Zeri,Leona,Aatrox,Viego,Veigar,Pyke,Jinx,True
195,Kennen,Viego,Leblanc,Jhin,Leona,Renekton,LeeSin,Vex,Jinx,Thresh,True
196,Xayah,Kayn,Zilean,Irelia,Nautilus,Kennen,RekSai,Talon,Kaisa,Blitzcrank,False
197,Hecarim,Tryndamere,Kaisa,Caitlyn,Karma,Jax,RekSai,Viktor,Ezreal,Soraka,True
198,Gragas,Viego,Ornn,Zeri,Karma,Jayce,LeeSin,Leblanc,Jinx,Blitzcrank,False
199,Tryndamere,Qiyana,Akali,Jhin,Rakan,Renekton,Talon,Syndra,Zeri,Pyke,True
200,Darius,Nocturne,Viktor,Xayah,Zilean,Poppy,TwistedFate,Viego,Kaisa,Rakan,False
202,Gwen,Hecarim,Vex,Jhin,TahmKench,Camille,Graves,Zilean,Xayah,Rakan,True
203,Rumble,RekSai,Irelia,Caitlyn,Morgana,Fiora,LeeSin,Zoe,Samira,Nautilus,False
204,Rumble,Hecarim,Yone,Jinx,Zilean,Aatrox,LeeSin,Vex,Xayah,Renata,True
205,Gragas,Viego,Leblanc,Aphelios,Nautilus,Yone,Graves,Galio,Zeri,Leona,False
206,Poppy,Gangplank,Nami,Ezreal,Lucian,Kaisa,Renekton,Ornn,Samira,TahmKench,True
207,Akshan,LeeSin,Kaisa,Aphelios,Thresh,Sion,Graves,Galio,Ezreal,Pyke,True
208,Corki,Blitzcrank,Jhin,Samira,Nidalee,Ahri,Skarner,MissFortune,Sett,Yuumi,True
209,Akali,LeeSin,Galio,Samira,Nautilus,Gangplank,Graves,Vex,Kaisa,Zac,False
210,Akshan,Hecarim,Sylas,Ezreal,Karma,Darius,LeeSin,Ahri,Draven,Blitzcrank,True
211,Yone,MasterYi,Ryze,Tristana,Rell,Jayce,Khazix,Galio,Xayah,Leona,False
212,Malphite,Viego,Karma,Zeri,Alistar,Tryndamere,LeeSin,Ahri,Jinx,Nautilus,False
213,Tryndamere,Hecarim,Corki,Samira,Alistar,Fiora,Kayn,Lux,Tristana,Nautilus,True
214,Irelia,Lillia,Yasuo,Caitlyn,Lulu,Gnar,Volibear,Ahri,Zeri,Renata,True
215,Irelia,Volibear,Sylas,Jhin,Leona,Kennen,Viego,Galio,Zeri,Alistar,False
216,Jayce,RekSai,Veigar,Xayah,Renata,Renekton,Hecarim,Ekko,Galio,Ezreal,True
217,Irelia,Hecarim,Sylas,Aphelios,Seraphine,Fiora,Diana,Talon,Jhin,Nautilus,True
218,Jayce,LeeSin,Leblanc,Xayah,Rakan,Yone,Diana,Tryndamere,Samira,Nautilus,True
219,Rumble,Viego,Vex,Jinx,TahmKench,Graves,Qiyana,Galio,Aphelios,Lulu,False
220,Tryndamere,Viego,Leblanc,Jinx,Sett,Poppy,Nidalee,Yone,Aphelios,Nautilus,False
221,Kennen,Hecarim,Yone,Samira,Renata,Ornn,Kindred,Alistar,Zeri,Zoe,False
223,Graves,Viego,TwistedFate,Aphelios,Blitzcrank,Irelia,LeeSin,Sylas,Zeri,Nautilus,False
224,Shen,Viego,Ryze,Ezreal,Karma,Tryndamere,LeeSin,TwistedFate,Kaisa,Nautilus,True
225,Jayce,Graves,Zilean,Jinx,TahmKench,Gragas,Kayn,Ryze,Xayah,Pyke,False
226,Katarina,LeeSin,Gragas,Kalista,Sett,Lulu,Qiyana,Kaisa,Caitlyn,Senna,False
227,Lulu,Hecarim,Akali,Jinx,Leona,Poppy,Graves,Orianna,Aphelios,Thresh,True
228,Malphite,Graves,Ahri,Samira,Renata,TwistedFate,RekSai,Tryndamere,Aphelios,Karma,False
230,Poppy,XinZhao,Leblanc,Kalista,JarvanIV,Volibear,Talon,Ahri,Ezreal,Thresh,True
231,Quinn,Volibear,Neeko,Zeri,TahmKench,Irelia,Diana,Pyke,Samira,Nautilus,True
232,Volibear,Graves,Leblanc,Ezreal,Nautilus,Aatrox,LeeSin,Veigar,Tristana,Sett,True
233,Tryndamere,Vi,Katarina,Draven,Leona,Lulu,Hecarim,Kaisa,Samira,Nautilus,False
234,MonkeyKing,LeeSin,Ryze,Jinx,Nautilus,Akali,Viego,Ahri,Ezreal,Braum,True
235,Akali,Volibear,Zed,Jinx,Nautilus,Lulu,Hecarim,Vex,Zeri,TahmKench,False
236,Gragas,RekSai,Vex,Xayah,Renata,Camille,LeeSin,Galio,Ezreal,Blitzcrank,False
238,Yasuo,Ryze,Irelia,Nidalee,Zoe,Ashe,Bard,Jayce,Evelynn,Nocturne,True
240,Jayce,JarvanIV,Sylas,Kaisa,TahmKench,Malphite,Kindred,Ryze,Jhin,Rakan,False
241,Akshan,Hecarim,Viktor,Jinx,Renata,Jax,Darius,Sylas,Lucian,Thresh,True
242,Tryndamere,Volibear,Ahri,Ziggs,Senna,Poppy,LeeSin,Leblanc,Kaisa,Sett,False
243,Renekton,Nidalee,Leblanc,Kaisa,Nautilus,Camille,Hecarim,Ahri,Zeri,Soraka,False
244,Lillia,Rengar,TwistedFate,Gragas,Sett,Aphelios,Samira,Amumu,Zeri,Jhin,False
246,Jayce,RekSai,Ryze,Zeri,Nautilus,Warwick,Viego,Vex,Kaisa,Alistar,False
247,Gragas,Hecarim,Jinx,Gwen,Lulu,Gnar,Kindred,Cassiopeia,Aphelios,Renata,True
248,Rumble,Nocturne,Jinx,Kaisa,TahmKench,Poppy,Hecarim,Sylas,MissFortune,Maokai,True
249,Gragas,Nidalee,Viego,Xayah,Sett,Poppy,Talon,Akali,Ezreal,Nautilus,False
250,Gnar,Graves,Galio,Lucian,Sona,Hecarim,Sett,Poppy,Draven,Fizz,False
251,Viego,Renekton,Veigar,Aphelios,Nautilus,Kennen,RekSai,Ahri,Jinx,Karma,True
252,Shaco,Morgana,Vayne,Zed,Lissandra,Varus,MissFortune,MasterYi,Jayce,Veigar,False
253,Rumble,Graves,Ryze,Jinx,Veigar,Sion,Viego,Corki,Caitlyn,Renata,True
254,Nautilus,Viego,Talon,Zeri,Gragas,Rumble,Hecarim,Xerath,Aphelios,Thresh,True
255,Kennen,LeeSin,Syndra,Kaisa,Nautilus,Gnar,Graves,Ahri,Jinx,Thresh,True
257,Rumble,Sett,Ahri,Kaisa,Graves,Poppy,Kayn,Ryze,Aphelios,Rakan,True
258,Rumble,Nidalee,Yone,Senna,TahmKench,Aatrox,Qiyana,Zoe,Kaisa,Renata,True
260,Camille,RekSai,Ahri,Jinx,Nautilus,Jayce,Poppy,Leblanc,Kaisa,Sett,False
261,Renekton,Volibear,Ryze,Xayah,Nautilus,Gragas,Ekko,Draven,Lucian,Blitzcrank,True
262,Tryndamere,Hecarim,Zilean,Xayah,Seraphine,LeeSin,Volibear,Leblanc,Zeri,Renata,False
263,Akali,Viego,Vex,Aphelios,Nautilus,Urgot,RekSai,Leblanc,Jinx,Leona,True
264,Shen,Volibear,Yuumi,Draven,Katarina,Ahri,Rengar,Jinx,Leona,Nasus,True
265,Gnar,Viego,Ahri,Jinx,Thresh,Poppy,LeeSin,Vex,Aphelios,Renata,False
266,Sylas,Hecarim,AurelionSol,Ezreal,Karma,Pantheon,Kindred,Ryze,Kaisa,Alistar,True
267,Irelia,Hecarim,Ahri,Xayah,Lulu,Azir,Viego,Veigar,Samira,Nautilus,False
268,Gnar,Diana,Lucian,Jinx,Thresh,Tryndamere,Viego,Ryze,Kaisa,Renata,True
269,Jayce,Volibear,Ahri,Vayne,Karma,Graves,Hecarim,Veigar,Samira,Renata,False
270,Kennen,Akshan,Ahri,Samira,Nautilus,Irelia,Viego,Kaisa,Zeri,Seraphine,False
271,Gangplank,Qiyana,Ahri,Ezreal,Lulu,Viktor,LeeSin,Ryze,Xayah,Nautilus,False
273,Akshan,Volibear,Ryze,Vayne,Alistar,Irelia,Hecarim,Ahri,Samira,Rell,True
275,Shen,Nidalee,Lucian,Xayah,Blitzcrank,Aatrox,Volibear,Kaisa,Jinx,Thresh,True
277,Akali,LeeSin,Leblanc,Senna,TahmKench,Kennen,RekSai,Kaisa,Samira,Renata,False
279,Irelia,RekSai,Akali,Zeri,Rakan,Darius,LeeSin,Lulu,Karma,Jinx,True
280,Akali,Taliyah,Lucian,Aphelios,Galio,Gangplank,Nidalee,Jayce,Xayah,Leona,False
281,Viego,Jayce,Kaisa,Ezreal,Alistar,Fiora,Zed,Ryze,Samira,Nautilus,True
282,Poppy,Viego,Sylas,Aphelios,Sett,Gnar,LeeSin,Ahri,Ezreal,Karma,True
283,Graves,Diana,Talon,Zeri,Lulu,Akali,Tryndamere,Volibear,Draven,Nautilus,True
285,Yone,Poppy,Ahri,Nautilus,Xayah,Gnar,Diana,Renekton,Ezreal,Leona,False
286,Volibear,Graves,Akali,Kaisa,Rakan,Sylas,Viego,Poppy,Xayah,Nautilus,False
287,Gragas,LeeSin,Sylas,Jinx,Lulu,Renekton,Nidalee,Kaisa,Xayah,Renata,True
288,Karthus,Anivia,Caitlyn,Xayah,Malzahar,Kayle,Nami,Varus,Nautilus,Shaco,False
289,Yasuo,Talon,Ekko,Varus,Leona,Graves,Viego,Leblanc,Samira,Poppy,False
290,Gragas,Volibear,Yasuo,Jinx,Karma,Renekton,Gwen,Akshan,Aphelios,TahmKench,False
292,Kaisa,Lulu,Alistar,Akali,Blitzcrank,Yone,LeeSin,Ezreal,Yuumi,Jinx,False
293,Sion,Graves,Sylas,Aphelios,Renata,Lulu,Kindred,Galio,Xayah,Karma,True
295,Jayce,Viego,Leblanc,Caitlyn,Renata,Tryndamere,Graves,Vex,Aphelios,Seraphine,False
297,Yone,LeeSin,Ahri,Jinx,TahmKench,Gnar,RekSai,Viktor,Samira,Nautilus,True
298,Akali,Ahri,Qiyana,Kaisa,Nautilus,Gnar,RekSai,Vex,Xayah,Rakan,False
301,Gragas,LeeSin,Yone,Jinx,Shen,Aatrox,RekSai,Kaisa,Zeri,Nautilus,False
302,Kayle,Varus,Olaf,Yone,Qiyana,Viktor,Vex,Syndra,Gnar,Khazix,True
303,Gragas,Karma,Graves,Kaisa,Senna,Rumble,Viego,Ahri,Zeri,Rakan,False
305,Kayle,Kayn,Taliyah,Nautilus,Zac,Pyke,Malzahar,Ashe,Lucian,Jhin,False
307,Shen,Graves,Ahri,Jhin,Karma,Irelia,Volibear,Veigar,Jinx,Nautilus,False
308,Renekton,Hecarim,Zoe,Jinx,Thresh,Irelia,Viego,Ryze,Samira,Nautilus,True
309,Jax,LeeSin,Leblanc,Senna,TahmKench,Graves,Poppy,Ahri,Jinx,Leona,False
310,Poppy,Gragas,Talon,Ezreal,Lux,Tryndamere,Trundle,Xerath,Jhin,Karma,True
311,Quinn,Brand,Sivir,Rammus,Kaisa,Varus,Kindred,Kayn,Xayah,Maokai,True
313,Azir,Veigar,Yuumi,Diana,Jhin,Fizz,Samira,Maokai,LeeSin,Nami,False
314,Gragas,Kayn,Kaisa,Zeri,Nautilus,Yone,Hecarim,Vex,Aphelios,Rakan,True
315,Shen,Viego,Leblanc,Aphelios,Galio,Jayce,Zac,Ahri,Samira,Rell,True
316,Sion,Viego,Zilean,Samira,Sett,Gwen,RekSai,Vex,Kaisa,Galio,True
317,Lucian,Nidalee,Jayce,Xayah,Leona,Viktor,LeeSin,Volibear,Kaisa,Nautilus,False
318,Graves,Diana,TwistedFate,Jhin,Nautilus,Jayce,Kindred,Ryze,Kaisa,Sett,True
319,Tryndamere,Viego,Leblanc,Caitlyn,Karma,Gragas,Hecarim,Sylas,Aphelios,Thresh,True
321,LeeSin,Khazix,Kaisa,Xayah,Rakan,Jax,Akshan,Nidalee,Aphelios,Leona,False
322,Karma,Hecarim,Vex,Zeri,Senna,Renekton,Karthus,Talon,Draven,Nautilus,True
323,Fiora,Hecarim,Ahri,Xayah,Nautilus,Jax,Qiyana,Renata,Aphelios,Kaisa,False
324,Poppy,Viego,Leblanc,Tristana,Nautilus,Tryndamere,Volibear,Vex,Zeri,Karma,True
325,Graves,XinZhao,Akali,Xerath,Varus,Akshan,Volibear,Vex,Tristana,Nautilus,False
326,Poppy,Volibear,Sylas,Jinx,Nautilus,Graves,Elise,Leblanc,Zeri,Alistar,True
327,Jayce,LeeSin,Orianna,Jinx,Nautilus,Karma,RekSai,Vex,Jhin,TahmKench,False
328,Jayce,Volibear,Kaisa,Vayne,Sett,Gragas,Viego,Ahri,Samira,Rell,False
329,Graves,RekSai,Sylas,Draven,Nautilus,Tryndamere,Volibear,Vex,Pyke,Kaisa,True
330,Fiora,Nidalee,Irelia,Jinx,Lulu,Kennen,Zed,Yone,Kaisa,Nautilus,False
331,Volibear,Hecarim,Kaisa,Varus,Leona,Poppy,Olaf,Viktor,Xayah,Rakan,False
332,Gangplank,Qiyana,Syndra,Kaisa,Pyke,Shen,Graves,Zoe,Xayah,Renata,False
333,Gnar,Nidalee,Xayah,Samira,Rakan,Gragas,Viego,Leblanc,Zeri,Nautilus,False
334,Jayce,Yuumi,Syndra,Ezreal,Talon,Graves,Nidalee,Ahri,Kaisa,Nautilus,False
335,Gangplank,Ryze,Qiyana,Ezreal,Bard,Kennen,Hecarim,Yone,Xayah,Veigar,True
336,Shen,Zed,Kaisa,Lucian,Nami,Rumble,LeeSin,Vex,Zeri,Lulu,True
337,Poppy,RekSai,Corki,Xayah,Janna,Lulu,LeeSin,Kaisa,Jhin,Galio,False
338,Camille,Nidalee,Xayah,Zeri,Renata,Fiora,XinZhao,Kaisa,Ezreal,Karma,True
340,Hecarim,Graves,Orianna,Vayne,Lulu,LeeSin,Volibear,Galio,Jinx,TahmKench,False
341,LeeSin,Ahri,Kaisa,Pyke,Yone,Nidalee,Blitzcrank,Leblanc,Warwick,Aphelios,True
343,Akshan,Poppy,Ryze,Jinx,TahmKench,Irelia,Lillia,Talon,Zeri,Yuumi,True
344,Graves,XinZhao,Viktor,Kaisa,Pyke,LeeSin,Viego,Ryze,Jinx,Thresh,True
345,Yuumi,Yasuo,Viktor,LeeSin,Tryndamere,Yone,Diana,Kaisa,Karma,Graves,True
346,Kennen,Heimerdinger,Lucian,Alistar,Janna,MissFortune,FiddleSticks,Lulu,Viktor,Jinx,False
347,Shen,LeeSin,Kaisa,Xayah,Rakan,Kennen,Poppy,Ahri,Jinx,Thresh,False
348,Tryndamere,Viego,Ryze,Zeri,Lulu,XinZhao,Graves,Zoe,Kaisa,Nautilus,False
349,Lillia,Maokai,Twitch,Xayah,Sett,Janna,Vladimir,Yuumi,Brand,KogMaw,False
350,Malphite,LeeSin,Karma,Xayah,Nautilus,Jayce,Viego,Leblanc,MissFortune,Rakan,True
352,Akali,Hecarim,Zoe,Draven,Nautilus,Graves,Volibear,Talon,Kaisa,Leona,True
353,Renekton,LeeSin,Ahri,Jinx,Poppy,Gnar,Hecarim,Thresh,Aphelios,Akali,True
354,Tryndamere,Hecarim,Kaisa,Ezreal,Karma,Malphite,Nautilus,Zeri,Jinx,Viego,False
356,Leona,Nidalee,Zed,Jinx,Blitzcrank,Lulu,Diana,Graves,Aphelios,Nautilus,True
357,Tryndamere,LeeSin,Galio,Samira,Renata,Gragas,Viego,Ryze,Zeri,Yuumi,False
358,Cassiopeia,Nami,Rumble,Aatrox,Aphelios,Yasuo,Zilean,Ezreal,Ornn,JarvanIV,True
359,Diana,Rumble,Yone,Jinx,Karma,Kennen,LeeSin,Sylas,Caitlyn,Lux,True
360,LeeSin,Gragas,Ryze,Jinx,Zilean,Yone,MasterYi,Viktor,Aphelios,Rakan,False
361,Jayce,LeeSin,Anivia,Samira,Rakan,Graves,Viego,Akali,Kaisa,Pyke,True
362,Kennen,XinZhao,Leblanc,Jhin,Nautilus,Jax,Nidalee,Renekton,Aphelios,Karma,False
363,Akali,Volibear,Talon,Zeri,TahmKench,Renekton,Nidalee,Qiyana,Kaisa,Renata,True
364,Diana,Viego,Yasuo,Jinx,Sett,Graves,LeeSin,Leblanc,Aphelios,Nautilus,False
365,Camille,Karthus,Akshan,Zeri,Alistar,Volibear,Viktor,Talon,Xayah,Nautilus,True
366,Fiora,Leona,Brand,Varus,Lucian,KogMaw,Gwen,Akali,Jayce,Alistar,False
367,Lulu,JarvanIV,Azir,Jinx,Nautilus,Graves,RekSai,Ahri,Ezreal,Alistar,True
368,Shyvana,Graves,Syndra,Zeri,Sett,Jayce,RekSai,Akali,KogMaw,Lulu,False
369,Jayce,RekSai,Ahri,Aphelios,TahmKench,Irelia,LeeSin,Veigar,Jinx,Leona,False
370,Jayce,LeeSin,Vex,Syndra,Pyke,Irelia,Poppy,Ahri,Zeri,Renata,False
371,Poppy,Graves,Ahri,Ezreal,Karma,Camille,LeeSin,Orianna,Sylas,Taric,True
372,Pyke,Kindred,Kaisa,Jinx,Nautilus,Poppy,Viego,Annie,Ezreal,Alistar,False
373,Vladimir,Viego,Ahri,Kaisa,Renata,Kennen,LeeSin,Vex,Senna,TahmKench,False
374,Xerath,Sion,Pyke,Vex,Vi,Swain,Rumble,Seraphine,Khazix,Kindred,False
375,Renekton,Yuumi,Veigar,Ezreal,XinZhao,Hecarim,Lulu,Kassadin,Aphelios,Nautilus,False
376,Katarina,Janna,JarvanIV,MissFortune,Leona,Twitch,Lillia,Blitzcrank,Caitlyn,Kaisa,True
377,Rumble,Hecarim,Viktor,Jinx,Leona,Graves,LeeSin,Leblanc,Xayah,TahmKench,True
378,Riven,Hecarim,Anivia,Tristana,Nautilus,Shen,Kindred,Lulu,Zeri,Alistar,True
379,Tryndamere,Gragas,Yone,Aphelios,Nautilus,Akshan,RekSai,Ryze,Ezreal,Karma,True
380,Fiora,Graves,Ahri,Ezreal,Karma,Tryndamere,Viego,Ekko,Yasuo,Renata,True
381,Poppy,Viego,Akali,Jhin,Nautilus,Jayce,Qiyana,Viktor,Jinx,Rakan,True
382,Tryndamere,Volibear,Kaisa,Zeri,Alistar,Graves,Elise,Azir,Draven,Leona,False
383,Urgot,Hecarim,Akali,Jinx,TahmKench,RekSai,Olaf,Ryze,Xayah,Leona,False
384,Jayce,Viego,Leblanc,Jhin,Rakan,Yone,Volibear,Zeri,Kaisa,Sett,False
385,Fiora,Qiyana,Senna,Viktor,Karma,Akshan,Hecarim,Ryze,Jinx,TahmKench,False
386,Jayce,Hecarim,Yasuo,Pyke,Kaisa,Poppy,Graves,Akali,Xayah,Rakan,False
387,Ahri,Hecarim,Graves,Jhin,Renata,Akshan,Viego,Ryze,Ezreal,Karma,False
388,Fiora,LeeSin,Ahri,Ezreal,Leona,Irelia,Poppy,Kaisa,Draven,Maokai,True
389,Shen,LeeSin,Ryze,Tristana,Rakan,Rumble,Talon,Akshan,Ezreal,Nautilus,False
390,Karma,Aphelios,Zoe,Ashe,Leona,Rumble,Jinx,Quinn,Gangplank,Akali,False
391,Kennen,JarvanIV,Ryze,Lucian,Nami,Graves,RekSai,Kaisa,Zeri,Renata,True
392,Malphite,Graves,Talon,Zeri,Karma,Teemo,Viego,Darius,Kaisa,Renata,True
393,Caitlyn,Taliyah,Kaisa,Rammus,Varus,Akali,Jax,Ekko,Xayah,Neeko,False
395,Graves,Nocturne,Ahri,Draven,Nautilus,Jayce,Volibear,Leblanc,Xayah,Leona,True
396,Aatrox,Kindred,Zoe,Xayah,Senna,Volibear,Viego,Sylas,Samira,Rell,False
397,Yorick,Diana,Vex,Jhin,Thresh,Sett,Karma,Syndra,Caitlyn,Viego,False
398,Graves,Viego,Fizz,Jhin,Anivia,Gnar,LeeSin,Galio,Zeri,Lulu,False
399,Fiora,Qiyana,Anivia,Jhin,Renata,Kennen,Viego,Zilean,Xayah,Rakan,False
400,Trundle,Hecarim,Vex,Ziggs,Pyke,Poppy,LeeSin,Leblanc,Tristana,Rakan,True
401,DrMundo,Akshan,Ahri,Draven,Renata,Volibear,LeeSin,Kaisa,Zeri,TahmKench,True
402,Sion,LeeSin,Vex,Draven,Gragas,Akshan,RekSai,Leblanc,Zeri,Renata,True
403,Fiora,Hecarim,Vex,Ezreal,Karma,Pyke,Diana,Talon,Xayah,Renata,True
404,Seraphine,Aatrox,Varus,Orianna,Viktor,KogMaw,Sona,FiddleSticks,Zeri,Ziggs,True
405,Graves,RekSai,Vex,Zeri,TahmKench,Camille,Qiyana,Syndra,Kaisa,Nautilus,False
406,Jayce,Lillia,Kaisa,Aphelios,Pyke,Poppy,Viego,Ryze,Xayah,Rakan,False
407,Volibear,Hecarim,Taliyah,Zeri,Nautilus,Graves,Diana,Yone,Aphelios,Morgana,False
408,MasterYi,Sylas,Syndra,Gragas,Neeko,Urgot,Sivir,Fiora,Morgana,Graves,True
409,Gnar,Diana,Yasuo,Ezreal,Yuumi,Renekton,Ekko,Kaisa,Jhin,Karma,False
410,Jax,Viego,Sylas,Xayah,Rakan,Cassiopeia,Qiyana,Galio,MissFortune,Nautilus,False
411,Tryndamere,Viego,Anivia,Zeri,Yuumi,Fiora,Poppy,Veigar,Xayah,Sett,True
412,Jayce,Hecarim,Syndra,Sett,Ezreal,Gragas,Volibear,Talon,Xayah,Nautilus,False
413,Fiora,Hecarim,Ahri,Jinx,Thresh,Akali,Qiyana,Akshan,Xayah,Rakan,False
414,Irelia,LeeSin,Lux,Lucian,Twitch,Samira,Veigar,Volibear,Vex,Alistar,False
416,Zoe,Kennen,Leblanc,Qiyana,Ezreal,Vex,Samira,Xerath,Trundle,MissFortune,True
417,Graves,LeeSin,Leblanc,Jhin,Rakan,Poppy,Hecarim,Viktor,Aphelios,Jayce,False
419,Ashe,Evelynn,Ekko,Xayah,Brand,Kennen,Karma,Caitlyn,Azir,Jhin,True
420,Lulu,Hecarim,Galio,Tristana,Rakan,Camille,Talon,Corki,Ezreal,Nautilus,True
421,Lulu,Volibear,Yuumi,Jinx,Zoe,Gragas,Zed,Ahri,Ezreal,Pyke,True
423,Irelia,Viego,Ryze,Zeri,Renata,Graves,LeeSin,Singed,Jinx,Yuumi,False
424,Poppy,LeeSin,Galio,Ezreal,Karma,Tryndamere,Qiyana,Leblanc,Kaisa,Nautilus,True
425,Ahri,Katarina,RekSai,Xerath,Shen,Lucian,Vex,Zed,Orianna,Shyvana,True
426,Irelia,Hecarim,Vex,Jhin,Yuumi,Gnar,Diana,Graves,Caitlyn,Renata,True
427,Kennen,Hecarim,Zoe,Zeri,Karma,Irelia,LeeSin,Kaisa,Ezreal,Senna,False
428,LeeSin,Khazix,Ahri,Kaisa,Galio,Fiora,Viego,Pyke,Xayah,Vex,False
429,Graves,Nocturne,Ahri,Tristana,Anivia,Poppy,LeeSin,Malzahar,Zeri,Alistar,True
430,Renekton,LeeSin,Vex,Jinx,Nautilus,Tryndamere,RekSai,Leblanc,Kaisa,Sett,False
432,Volibear,Viego,Leblanc,Jinx,Renata,Renekton,Khazix,Kaisa,Jhin,Veigar,False
433,Gragas,LeeSin,Akali,Kaisa,Nautilus,Sylas,Viego,Viktor,Caitlyn,Sett,False
434,Aphelios,Vex,Velkoz,Syndra,Varus,Nocturne,Xerath,Senna,Nautilus,Gnar,False
435,Graves,Volibear,Leblanc,Zeri,Renata,Renekton,RekSai,Vex,Kaisa,Nautilus,False
436,Renekton,Khazix,Orianna,Zeri,Renata,Urgot,RekSai,Galio,Jhin,Bard,False
437,Tryndamere,Volibear,Viktor,Jinx,Rakan,Yone,Kindred,Lulu,Senna,TahmKench,True
438,Yone,Gwen,Pyke,Draven,Gragas,Viego,Ornn,Ahri,Samira,Nautilus,True
439,Jayce,Viego,Ahri,Xayah,Rakan,Lulu,LeeSin,Ryze,Varus,TahmKench,False
440,Samira,Viego,Viktor,Irelia,Sett,Jinx,Volibear,Orianna,Lulu,Nautilus,False
441,LeeSin,Graves,Vex,Jhin,Renata,Volibear,XinZhao,Azir,Aphelios,Karma,True
442,Graves,Kindred,Leblanc,Tristana,Renata,Irelia,JarvanIV,TwistedFate,Zeri,TahmKench,True
443,Jayce,Kindred,Sylas,Viego,Braum,Karma,Graves,Galio,Samira,Alistar,True
444,Gnar,RekSai,Ahri,Jinx,Karma,Gragas,Khazix,Vex,Ezreal,Renata,True
445,Kennen,Kindred,Zoe,Jhin,Yuumi,XinZhao,Akali,Ahri,Jinx,Sona,True
446,Akshan,Hecarim,Ahri,Ezreal,Leona,Irelia,Viego,Tristana,Kaisa,Sett,False
447,Tryndamere,Taliyah,Poppy,Jinx,Nautilus,Lucian,Volibear,Sylas,Kaisa,Sett,True
448,Nasus,Zed,Nautilus,Xayah,Lulu,Jinx,Qiyana,Volibear,Akali,Janna,True
449,Akali,Vi,TwistedFate,Draven,Sett,Maokai,Hecarim,Ahri,Twitch,Braum,True
450,Aatrox,Kindred,Ahri,Caitlyn,Karma,Fiora,LeeSin,Ryze,Jhin,Yuumi,True
451,Gangplank,Hecarim,Galio,Kaisa,Sett,Tryndamere,Diana,Talon,Zeri,Leona,True
452,Graves,Jax,Sylas,Ezreal,Karma,Yone,RekSai,Ahri,Kaisa,Nautilus,False
453,Irelia,LeeSin,Ahri,Ezreal,Alistar,Lulu,Graves,Xayah,Zeri,Nautilus,False
454,Tryndamere,Viego,Viktor,Ezreal,Senna,Warwick,Nidalee,Yone,Lucian,Karma,True
455,Corki,Nami,Akshan,Nidalee,Taliyah,Tristana,Blitzcrank,Mordekaiser,Jinx,Twitch,True
456,Jayce,Kindred,Vex,Jinx,Rakan,Malphite,Viego,Corki,Varus,TahmKench,True
457,Jayce,Diana,Yone,Xayah,Nautilus,Malphite,Viego,Kaisa,Jhin,JarvanIV,False
458,Hecarim,Akali,Ryze,Kaisa,Leona,Yone,Nidalee,Orianna,Zeri,Nautilus,True
459,Gnar,Diana,Yasuo,Twitch,Rakan,Poppy,Hecarim,Syndra,Senna,TahmKench,False
460,Leblanc,Hecarim,Rakan,Xayah,Qiyana,Chogath,Diana,Talon,Jhin,Nautilus,False
461,Graves,XinZhao,Leblanc,Zeri,Renata,Fiora,Nidalee,Vex,Xayah,Nautilus,True
462,Irelia,Ekko,Talon,Kaisa,Nautilus,Volibear,Graves,Lillia,Zeri,Renata,False
463,Jhin,Viego,Sylas,Velkoz,FiddleSticks,TahmKench,Azir,Akshan,Lillia,Zoe,False
464,Tryndamere,Volibear,Galio,Xayah,Rakan,Jayce,Taliyah,Qiyana,Kaisa,Nautilus,True
465,Viego,Pyke,Kaisa,Poppy,Vex,Katarina,Karma,Jinx,Tryndamere,Zac,False
466,Volibear,LeeSin,Ahri,Jhin,Karma,Gnar,XinZhao,Zilean,Xayah,Nautilus,False
467,Kindred,Rumble,Leona,FiddleSticks,Maokai,Velkoz,Leblanc,Gwen,Karthus,Talon,True
468,Renekton,LeeSin,Ryze,Xayah,Rakan,Jayce,Nidalee,Leblanc,Ezreal,Pyke,True
469,Sion,Graves,Riven,MissFortune,Karma,Jax,Viego,Rumble,Xayah,Renata,False
470,Malphite,Karthus,Yone,Jinx,TahmKench,MasterYi,Hecarim,Ahri,Lucian,Nami,False
471,Shen,XinZhao,Sylas,Zeri,Bard,Gangplank,Volibear,Corki,Samira,Sion,True
472,Jayce,Kayn,Zoe,Kalista,Rakan,Blitzcrank,Tryndamere,Leblanc,LeeSin,Xayah,False
473,Lulu,RekSai,Viktor,Senna,TahmKench,Graves,Diana,Nautilus,Ezreal,Yasuo,True
474,Jayce,Nidalee,Veigar,Samira,Nautilus,Graves,Hecarim,Anivia,Xayah,Renata,False
475,Akali,Hecarim,TwistedFate,Jinx,Poppy,Vayne,Talon,Leblanc,Aphelios,Nautilus,True
476,Irelia,LeeSin,Orianna,Zeri,Yuumi,Jayce,XinZhao,Syndra,Xayah,Rumble,True
477,Graves,LeeSin,Ahri,Samira,Nautilus,Camille,RekSai,Urgot,Ziggs,Rakan,False
478,Ahri,Viego,Lulu,Xayah,Rakan,Akali,XinZhao,Syndra,Zeri,Renata,False
479,Gangplank,Taliyah,Talon,Varus,Renata,Vladimir,LeeSin,Syndra,Xayah,Nautilus,False
480,Lucian,LeeSin,Vex,Zeri,Karma,Samira,Diana,Varus,Jayce,Rell,False
481,Zeri,Lulu,Kaisa,Irelia,RekSai,Gangplank,LeeSin,Ezreal,Corki,Lulu,True
482,Draven,Graves,Lulu,Kaisa,Blitzcrank,Zeri,Qiyana,Galio,Pyke,Ezreal,True
483,Jayce,Volibear,Leblanc,Xayah,Senna,Poppy,Diana,Talon,MissFortune,Shaco,False
484,Tryndamere,XinZhao,Ahri,Caitlyn,Lux,Fiora,Talon,Veigar,Jinx,Karma,True
485,Nidalee,Jayce,Leblanc,Zeri,Nautilus,Tryndamere,Ahri,Zac,Jinx,Leona,False
486,Gwen,Hecarim,Veigar,Jinx,Thresh,Ryze,Talon,Akali,Yasuo,Alistar,False
487,Tryndamere,RekSai,Viktor,Jinx,Lulu,Gwen,LeeSin,Akali,Ezreal,Renata,True
488,Irelia,Nidalee,LeeSin,Xerath,Senna,Jayce,RekSai,Ahri,Xayah,Rakan,False
490,Kennen,XinZhao,Ryze,Ezreal,Pyke,Graves,Nidalee,Irelia,Xayah,Rakan,True
491,Renata,Viego,Ahri,Caitlyn,Renekton,Gnar,Kaisa,Galio,Hecarim,Karma,False
492,Rumble,LeeSin,Ahri,Caitlyn,Lulu,Irelia,Nidalee,TwistedFate,Senna,TahmKench,True
493,Shen,Gwen,Orianna,Zeri,Renata,Riven,LeeSin,Zoe,Draven,Nautilus,False
494,Camille,Viego,Lissandra,Aphelios,Sett,Renekton,LeeSin,Ahri,Jinx,Nautilus,False
495,Nautilus,Karma,RekSai,Kaisa,Malphite,Kennen,LeeSin,Vex,Zeri,Renata,True
497,Annie,MasterYi,Lissandra,Talon,Caitlyn,Akali,Gragas,MissFortune,Rengar,Brand,True
499,Pyke,Fizz,Sylas,TahmKench,Illaoi,Kaisa,Volibear,Jinx,Garen,Senna,False
500,Jayce,Shaco,Kaisa,Samira,Nautilus,Irelia,Taliyah,Sion,Xayah,Rakan,True
501,Kennen,Lulu,Veigar,Jinx,XinZhao,LeeSin,RekSai,Ahri,Aphelios,Sett,True
502,Kennen,LeeSin,Pyke,Jhin,Soraka,Tryndamere,Poppy,Annie,Aphelios,Senna,False
503,Graves,RekSai,Ahri,Draven,Thresh,Jayce,LeeSin,Zoe,Zeri,Nautilus,True
504,Tryndamere,Qiyana,Ahri,Kaisa,Viego,Graves,Kindred,Sylas,Samira,Nautilus,False
505,Shen,Volibear,Lucian,Kaisa,Syndra,Tryndamere,Qiyana,Galio,Vayne,Renata,False
506,Qiyana,Varus,Senna,Rengar,Taliyah,Samira,Sylas,Leona,Malphite,Yasuo,True
507,Tryndamere,Viego,Kaisa,Xayah,Nautilus,Yone,RekSai,Katarina,Samira,Rakan,True
508,Leblanc,Kindred,Fiora,Xayah,Renata,Tryndamere,RekSai,Vex,Aphelios,Seraphine,False
509,Jayce,LeeSin,Ahri,Kaisa,Nautilus,Gangplank,Gragas,Talon,Jhin,Karma,False
511,LeeSin,Jayce,Leblanc,Ezreal,Rakan,Gnar,Nidalee,Vex,Aphelios,Pyke,False
512,Graves,LeeSin,Orianna,Zeri,Sett,Yone,RekSai,Zoe,Samira,Nautilus,False
513,Volibear,Hecarim,Kaisa,Samira,Renata,Akshan,Kayn,Ahri,Aphelios,TahmKench,False
514,Warwick,Viego,TwistedFate,Sett,Senna,Tryndamere,Hecarim,Galio,Xayah,Karma,False
515,Jayce,Hecarim,TwistedFate,Ziggs,Alistar,Malphite,Talon,Kaisa,Samira,Nautilus,True
516,Graves,Volibear,Kaisa,Zeri,Renata,Poppy,Nidalee,Qiyana,Ezreal,Karma,False
517,Malphite,Viego,Leblanc,Kaisa,Blitzcrank,Zeri,LeeSin,Syndra,Jayce,Seraphine,False
518,Yasuo,Zac,Galio,Tryndamere,Nautilus,Gwen,Graves,Ahri,Ezreal,Karma,False
520,LeeSin,Diana,Zoe,Samira,Sett,Lulu,Viego,Galio,Kaisa,Nautilus,True
521,Graves,Shaco,Ahri,Tristana,Leona,Vayne,Hecarim,Galio,Zeri,Rakan,True
522,Volibear,Talon,Ahri,Ezreal,Karma,Akali,Hecarim,Kaisa,Jhin,Lux,True
523,Pantheon,Karma,Leblanc,Vayne,LeeSin,Syndra,Kindred,Akali,Kaisa,Seraphine,False
524,Zed,Jinx,Chogath,Rumble,Tristana,Corki,Fiora,Malphite,Riven,Caitlyn,False
525,Pyke,LeeSin,Ahri,Lucian,Graves,Jayce,Kayn,Zoe,Aphelios,Nautilus,True
526,Shen,Viego,Ahri,Jhin,Leona,Camille,LeeSin,Sylas,Aphelios,Sett,False
527,Nocturne,Kindred,Syndra,Samira,Nautilus,Fiora,Nidalee,Galio,Zeri,Leona,False
528,Jayce,Tryndamere,Nidalee,Xayah,Leona,Lulu,XinZhao,Azir,Kaisa,Nautilus,True
529,Irelia,RekSai,Leblanc,Kaisa,Renata,Yone,LeeSin,Ahri,Zeri,Rakan,True
530,Akali,LeeSin,Leblanc,Jhin,Sett,Camille,Viego,Galio,Ezreal,Rakan,False
531,Malphite,Hecarim,Ahri,Vayne,Rell,Kaisa,LeeSin,Gragas,Samira,Nautilus,False
532,Lulu,Hecarim,Zoe,Jinx,Rakan,Aatrox,Kayn,Galio,Xayah,Yuumi,True
534,Ahri,RekSai,Ornn,Kaisa,Renata,Gragas,LeeSin,Viktor,Jinx,Lulu,True
535,Volibear,LeeSin,Kaisa,Tristana,Leona,Graves,RekSai,Taliyah,Zeri,Nautilus,False
536,MonkeyKing,Lucian,Swain,Lulu,TwistedFate,Gangplank,Ashe,Karma,Pyke,Tryndamere,True
537,Rumble,Nidalee,Akshan,Aphelios,Renata,Tryndamere,Samira,Ryze,Hecarim,Rell,False
538,Akshan,LeeSin,Orianna,Samira,Leona,Graves,Akali,Kaisa,Irelia,Sett,True
539,Lux,Kassadin,Amumu,Shyvana,Anivia,Yuumi,Velkoz,Yasuo,Pyke,Yone,True
540,Gragas,Viego,Kaisa,Jhin,Renata,Lulu,LeeSin,Orianna,Tristana,Camille,False
541,Jax,Shaco,Zoe,Zeri,Nautilus,Tryndamere,Kayn,Kaisa,Tristana,Sett,True
542,Fiora,LeeSin,Orianna,Jinx,TahmKench,Shen,Gragas,Irelia,Kaisa,Sett,False
543,Ryze,Kayn,Graves,Jinx,TahmKench,Tryndamere,LeeSin,Galio,Ezreal,Karma,False
544,Gnar,Hecarim,Orianna,Ezreal,Renata,Sylas,Diana,Yasuo,Jinx,Nautilus,False
545,Warwick,Hecarim,Viktor,Vayne,Nautilus,Tryndamere,Trundle,Syndra,Jinx,Sett,True
546,Graves,LeeSin,Vex,Xayah,Renata,Fiora,Volibear,Leblanc,Varus,Karma,False
547,Volibear,Hecarim,Zoe,Xayah,Yuumi,Gnar,Talon,Leblanc,Ezreal,Renata,True
548,Jayce,RekSai,Ahri,Xayah,Rakan,Ekko,Viego,Malphite,Jinx,Leona,False
549,Jax,LeeSin,Ahri,Lucian,Leona,Kennen,Taliyah,Qiyana,Draven,Sett,False
550,Lulu,LeeSin,Katarina,Samira,Blitzcrank,Renekton,RekSai,Ryze,Kaisa,Nautilus,True
551,Kennen,RekSai,Vex,Kaisa,Sett,Tryndamere,LeeSin,Galio,Ezreal,Nautilus,False
552,Jayce,LeeSin,Fizz,Zeri,Alistar,Malphite,Samira,Ahri,Taliyah,Viego,False
554,LeeSin,Zed,Zilean,Senna,Ezreal,Jayce,RekSai,Ahri,Xayah,Renata,False
555,Kennen,Diana,Lucian,Xayah,Pyke,Camille,LeeSin,Vex,Kaisa,Nautilus,False
556,Jayce,LeeSin,Kaisa,Zeri,Yuumi,Rumble,Poppy,Zoe,Xayah,Renata,False
557,DrMundo,Rammus,TwistedFate,Lucian,Yuumi,Aatrox,RekSai,Kaisa,Ziggs,Bard,False
558,Gwen,Qiyana,Vex,Jinx,Soraka,MissFortune,Nidalee,Akali,Malphite,Rakan,True
559,Shen,Viego,Vex,Xayah,Alistar,Karma,Zed,Samira,Sylas,Ahri,True
560,Akali,Volibear,Leblanc,Aphelios,Rakan,Kennen,Vi,Vex,Samira,Nautilus,True
562,Renekton,LeeSin,Vex,Aphelios,Rakan,Shen,XinZhao,Akali,Kaisa,Nautilus,True
563,Nidalee,Gnar,LeeSin,Aphelios,Ahri,Graves,Viego,Yone,Xayah,Renata,True
564,Morgana,LeeSin,Leblanc,Caitlyn,Lux,Fiora,Darius,Ahri,Jhin,Thresh,True
565,Jayce,Lillia,Ryze,Xayah,Viego,Graves,RekSai,Ahri,Jhin,Leona,True
566,Lulu,LeeSin,Ahri,Samira,Nautilus,Jayce,RekSai,Akali,Xayah,Leona,False
567,Aatrox,Shyvana,Tryndamere,Xayah,Alistar,Volibear,LeeSin,Kaisa,Vayne,Nautilus,True
569,Jayce,Hecarim,Viktor,LeeSin,Senna,Kennen,Kayn,Leblanc,Jinx,Thresh,False
570,Graves,Talon,Zoe,Xayah,Nautilus,Renekton,Hecarim,Vex,Jinx,Thresh,False
571,Nidalee,Zeri,Varus,Darius,Annie,Lux,Aatrox,Shaco,Rumble,Sejuani,False
572,Jax,Kindred,Trundle,Lulu,Jinx,Hecarim,Gragas,Ekko,Kaisa,TahmKench,True
573,Fiora,Kindred,Akali,Kaisa,Nautilus,Kennen,Hecarim,Veigar,Xayah,Karma,False
575,Graves,Trundle,Sylas,Ezreal,Renata,Malphite,LeeSin,Zed,Kaisa,Leona,True
576,Graves,Volibear,Sylas,Draven,Nautilus,Poppy,Hecarim,Leblanc,Kaisa,Renata,True
577,Jax,Graves,Orianna,Xayah,Leona,Gragas,Talon,Ahri,Aphelios,Thresh,True
578,Graves,Volibear,Kaisa,Xayah,Soraka,RekSai,Camille,Ahri,Aphelios,Rakan,True
579,Yasuo,Diana,Ahri,Senna,Nautilus,Volibear,Talon,AurelionSol,Jhin,TahmKench,False
580,Jayce,Hecarim,Ahri,Jinx,TahmKench,Irelia,Evelynn,Lucian,Aphelios,Syndra,False
581,Gwen,Viktor,Lulu,Ziggs,Tryndamere,Vladimir,Teemo,Camille,Jayce,Graves,False
582,Camille,Gangplank,KogMaw,Viego,Heimerdinger,Darius,Kassadin,Morgana,Kayle,MissFortune,True
583,Xayah,Talon,Zoe,Jayce,Soraka,Gragas,Viego,Viktor,Ezreal,Nautilus,True
584,Jayce,Hecarim,Kaisa,Zeri,Nautilus,Malphite,LeeSin,Ahri,Lucian,Blitzcrank,False
585,Sion,Poppy,TwistedFate,Zeri,Pyke,Irelia,LeeSin,Vex,Xayah,Bard,True
586,Gragas,RekSai,Kaisa,Aphelios,Renata,Draven,LeeSin,Ahri,Jinx,Seraphine,False
587,Poppy,Elise,Yasuo,Caitlyn,Karma,Renekton,Viego,Vex,Ezreal,Nautilus,True
588,Jayce,LeeSin,Ahri,Xayah,Nautilus,Azir,Volibear,Leblanc,Draven,Sett,False
589,Lulu,Poppy,Irelia,Aphelios,Karma,Tryndamere,Qiyana,Ahri,Draven,Renata,False
590,Gnar,Poppy,Vex,Zeri,TahmKench,Malphite,Diana,Yasuo,Kaisa,Sett,True
591,Rammus,Brand,Lucian,Urgot,Zed,Nidalee,Tristana,Morgana,Warwick,Vex,True
592,Akshan,Volibear,Leblanc,Ezreal,Leona,Irelia,Viego,Vex,Kaisa,Nautilus,False
593,Jayce,Gragas,Yasuo,Ezreal,Karma,Tryndamere,Volibear,Vex,Senna,TahmKench,False
594,Renekton,Qiyana,Vex,Xayah,Rakan,Tryndamere,Kindred,Galio,Aphelios,Renata,False
595,Shen,Poppy,Kaisa,Samira,Nautilus,Irelia,LeeSin,Ahri,Zeri,Alistar,True
597,Gnar,Sejuani,Yone,Samira,Renata,Malphite,Diana,Yasuo,Ezreal,Karma,True
598,Irelia,Zed,Kaisa,Ezreal,Rakan,Kennen,Viego,Ahri,Samira,Nautilus,True
599,TwistedFate,Viego,Akali,Jinx,Renata,Gragas,Volibear,Akshan,Caitlyn,Lux,True
600,Camille,Volibear,Syndra,Samira,Leona,Graves,Kayn,Ahri,Zeri,Alistar,False
601,Renekton,Hecarim,Ryze,Xayah,Renata,Poppy,Nidalee,Irelia,Zeri,Nautilus,False
602,Ezreal,Lucian,Shaco,Velkoz,Zoe,Veigar,Sona,Samira,Viktor,Rakan,False
603,Hecarim,Sett,Ahri,Samira,Nautilus,Tryndamere,XinZhao,Akali,Xayah,Rakan,True
604,Jax,Trundle,Viktor,Zeri,TahmKench,Gragas,Poppy,Akali,Kaisa,Senna,False
605,JarvanIV,Akali,Sett,Viktor,Renekton,Yuumi,Yasuo,Thresh,Xayah,TahmKench,True
606,Camille,Hecarim,Brand,Jhin,Galio,Akali,Volibear,Sylas,MissFortune,Renata,False
607,Malphite,Hecarim,Ahri,Caitlyn,Karma,Tryndamere,Soraka,Annie,Jhin,Kindred,True
609,Akali,Graves,Kaisa,Lucian,Nami,Irelia,Viego,Vex,Aphelios,Leona,False
610,Irelia,Zed,Galio,Kaisa,Alistar,Akali,Viego,Vex,Xayah,Nautilus,False
611,Fiora,Pyke,Morgana,Quinn,Thresh,Lulu,Kayle,Leblanc,Veigar,TwistedFate,False
612,LeeSin,Swain,Morgana,Talon,Vladimir,Cassiopeia,Yasuo,Hecarim,Kaisa,Rumble,True
613,Kennen,Hecarim,Akali,Jinx,Sejuani,Sion,Graves,Zoe,Jhin,Blitzcrank,True
614,Lulu,RekSai,Sylas,Zeri,Blitzcrank,Jayce,LeeSin,Zoe,Draven,Leona,False
615,Twitch,Lissandra,Veigar,Lulu,Azir,Ahri,Gwen,Lux,Karthus,Camille,True
616,Lulu,Vi,Vex,Samira,Nautilus,Tryndamere,Vayne,Ahri,Qiyana,Gragas,True
617,Gangplank,RekSai,Zilean,Jhin,Nautilus,Renekton,Taliyah,Lucian,Xayah,Karma,True
618,Camille,Talon,Ahri,Jinx,Renata,Jayce,Azir,Vi,Ezreal,Karma,False
619,Poppy,RekSai,Kaisa,Jinx,Nautilus,Kennen,Kindred,Viktor,Xayah,Karma,False
620,Poppy,LeeSin,Orianna,Aphelios,Thresh,Sion,Trundle,Vex,Lucian,Nami,False
621,Tryndamere,Poppy,Vex,Samira,Rakan,RekSai,Volibear,Leblanc,Kaisa,Renata,True
622,Aatrox,Viego,Leblanc,Xayah,Rakan,Renekton,Hecarim,Ahri,Kaisa,Pyke,True
623,Jayce,Viego,Galio,Ezreal,Sett,Malphite,LeeSin,Ryze,Aphelios,Leona,True
624,Vayne,Viego,Zoe,Xayah,Renata,Jayce,Hecarim,Kaisa,Ezreal,Senna,True
625,Lucian,Gwen,Blitzcrank,Kaisa,Ivern,Irelia,MissFortune,Lux,Warwick,Vex,False
626,JarvanIV,Diana,Yasuo,Kalista,Renata,Yone,RekSai,Galio,Jhin,Rakan,False
627,Kennen,Graves,Sylas,Xayah,Nautilus,Fiora,Viego,Ekko,Zeri,Braum,True
628,Tryndamere,RekSai,Cassiopeia,Zeri,Seraphine,Renekton,Volibear,Ahri,Kaisa,Nautilus,False
629,Aatrox,Hecarim,Vex,Xayah,Rakan,Poppy,Kindred,Yasuo,Jinx,TahmKench,True
630,Alistar,Hecarim,Singed,Vayne,Gangplank,Kennen,Graves,Leblanc,Samira,Sett,False
631,Irelia,Hecarim,Orianna,Senna,TahmKench,Aatrox,Viego,Viktor,Lucian,Nami,False
632,Gnar,Talon,Kassadin,Xayah,Sylas,Shen,Hecarim,Akali,Samira,Rell,True
633,Akshan,Qiyana,Syndra,Jhin,Poppy,Irelia,Viego,Vex,Aphelios,Nautilus,False
634,Gnar,Hecarim,Lulu,Ryze,Jinx,RekSai,Camille,Viktor,Xayah,Nautilus,True
635,Akshan,Jhin,Kennen,LeeSin,Yuumi,Aphelios,JarvanIV,Ahri,Lucian,Karma,True
636,Volibear,LeeSin,Viktor,Jhin,Pyke,Yone,Diana,Akali,Ezreal,Karma,True
637,Irelia,XinZhao,Jinx,Ahri,Leona,Kennen,Viego,Sylas,Caitlyn,Renata,True
638,Renekton,Shaco,Sylas,Senna,TahmKench,LeeSin,RekSai,Ahri,Zeri,Neeko,True
639,Rakan,Viego,Zoe,Xayah,Singed,Fiora,Diana,Yasuo,Aphelios,Renata,True
640,Tryndamere,LeeSin,TwistedFate,Xayah,Shaco,Jax,Viego,Galio,Varus,TahmKench,True
641,Fiora,LeeSin,Ahri,Zeri,Alistar,Yone,Viego,Sylas,Aphelios,Rakan,True
642,Tryndamere,LeeSin,Vex,Caitlyn,Thresh,Yone,RekSai,Ahri,Xayah,Lulu,False
643,Kindred,Akali,Ekko,Xayah,Rakan,Jayce,LeeSin,Veigar,MissFortune,Karma,False
644,Kennen,Graves,Ezreal,Zoe,Renata,Vladimir,Qiyana,Ahri,Xayah,Veigar,False
645,Renekton,JarvanIV,Leblanc,Draven,Karma,Gwen,Qiyana,Malzahar,Jhin,Soraka,False
646,Graves,Volibear,Kaisa,Draven,Renata,Jax,Hecarim,Viktor,Samira,Nautilus,False
647,Tryndamere,LeeSin,Leblanc,Zeri,Leona,Fiora,Talon,Ryze,Aphelios,Rakan,True
648,Gragas,LeeSin,Ryze,Ezreal,Karma,Poppy,Kindred,Kaisa,Jhin,Renata,False
649,Poppy,Hecarim,Kaisa,Zeri,Alistar,Kindred,Kennen,Yone,Samira,Nautilus,False
650,Poppy,LeeSin,Ahri,Ezreal,Shen,Vladimir,Viego,Tristana,Jinx,Leona,False
651,Tryndamere,LeeSin,Vex,Xayah,Rumble,Graves,Khazix,Galio,Tristana,Renata,False
652,LeeSin,Talon,Syndra,Kaisa,Leona,Graves,Viego,Zoe,Jhin,TahmKench,True
653,Aatrox,Hecarim,Ahri,Xayah,Rakan,Fiora,JarvanIV,Kaisa,Jinx,TahmKench,False
654,Poppy,Viego,AurelionSol,Kalista,Rakan,Renekton,RekSai,Ahri,Ziggs,Leona,True
655,Gnar,Talon,Viktor,Jhin,Karma,Rumble,Kayn,Kaisa,Xayah,Yuumi,False
656,Aatrox,Viego,Leblanc,Aphelios,TahmKench,Renekton,Talon,Galio,Ezreal,Karma,True
657,Tryndamere,Graves,Viktor,Jinx,Seraphine,Gnar,Khazix,Ahri,Xayah,Renata,False
658,Renekton,Nidalee,Akali,Varus,Karma,Gangplank,Graves,Syndra,Jinx,Nautilus,False
659,Jayce,Gragas,Syndra,Kaisa,Renata,Lucian,Volibear,Ahri,Xayah,Janna,True
660,Akali,LeeSin,Leblanc,Kaisa,Nautilus,Camille,Hecarim,Galio,Senna,TahmKench,False
661,Gnar,Viego,Ryze,Xayah,Nautilus,Renekton,Hecarim,Ahri,Lucian,Nami,False
662,Lulu,Hecarim,Zoe,Draven,Nautilus,Gragas,Graves,Sylas,Jinx,Sett,False
663,Teemo,LeeSin,Leblanc,Zeri,Nautilus,Camille,RekSai,Vex,Ashe,Karma,True
664,Vladimir,Diana,Talon,Caitlyn,Karma,Kennen,Volibear,Ahri,Jinx,Nautilus,False
665,Jayce,Nidalee,Galio,Aphelios,Renata,Camille,Viego,TwistedFate,Jinx,Thresh,True
666,Gnar,Nidalee,Renekton,Ezreal,Renata,Yone,LeeSin,Seraphine,Zeri,Karma,True
668,JarvanIV,RekSai,Kaisa,Kalista,Renata,Kennen,LeeSin,Ahri,Ashe,Nautilus,True
669,Irelia,Volibear,Xayah,Twitch,Leona,Lulu,Blitzcrank,Ahri,Draven,LeeSin,True
